City,month_depart,minPrice,maxPrice,meanPrice
Funchal,2,15.63,33.11,19.51615384615385
Luxemburgo,3,18.36,34.88,23.878
Madrid,3,19.28,33.05,23.916999999999998
Paris,2,22.03,25.75,24.585
Funchal,3,18.36,38.54,24.639
Agadir,3,24.82,24.82,24.82
Madrid,4,24.78,28.51,26.282
Paris,3,20.2,42.21,27.81368421052632
Londres,3,24.82,39.55,28.366153846153846
Madrid,2,25.74,32.12,28.376666666666665
Las Palmas,1,29.41,29.41,29.41
Agadir,1,29.48,29.48,29.48
Bergerac,2,29.38,30.4,29.661666666666665
Funchal,5,31.27,31.27,31.27
Manchester,1,30.4,33.16,32.208888888888886
Birmingham,3,32.24,32.24,32.24
Faro,3,28.49,40.44,32.955
Barcelona,12,33.05,33.1,33.083333333333336
Faro,2,32.17,35.0,33.585
Paris,5,34.03,34.03,34.03
Madrid,5,34.08,34.08,34.08
Barcelona,10,36.72,36.72,36.72
Liverpool,3,36.77,36.85,36.83
Faro,5,35.79,40.53,36.995
Luxemburgo,2,24.87,68.98,37.575714285714284
Milão,3,21.14,48.65,37.684666666666665
Santa Cruz de Tenerife,3,33.03,43.23,38.13625
Granadilla de Abona,3,33.03,43.23,38.13625
Milão,2,29.43,50.66,39.705
Málaga,3,32.12,65.17,39.806666666666665
Barcelona,2,38.54,43.23,39.823
Barcelona,9,36.77,46.06,39.870000000000005
Barcelona,3,38.6,41.31,40.406666666666666
Marselha,5,40.47,40.47,40.47
Bérgamo,3,30.33,48.65,40.85888888888889
Manchester,2,41.31,41.31,41.31
Londres,2,26.66,67.01,41.591818181818184
Bérgamo,2,38.54,50.66,42.05
Brive-la-Gaillarde,5,42.23,42.3,42.277499999999996
Barcelona,4,36.7,54.26,42.46
Milão,5,43.23,43.23,43.23
Bérgamo,5,43.23,43.23,43.23
Lisboa,3,43.29,43.3,43.295
Valência,3,38.69,53.42,43.364444444444445
Milão,6,24.87,73.43,43.75636363636364
Toulouse,4,39.46,49.65,44.122
Brive-la-Gaillarde,9,44.21,44.22,44.2125
Faro,4,35.0,57.02,44.39142857142857
Dole,2,40.39,77.2,44.93666666666667
Málaga,5,45.07,45.07,45.07
Toulouse,3,21.11,172.78,45.642222222222216
Bordéus,5,45.98,45.98,45.98
Lajes,2,38.69,73.43,46.178
Ponta Delgada,2,39.46,48.73,46.366
Funchal,6,45.21,47.9,46.494
Nápoles,5,46.79,46.79,46.79
Nice,3,46.79,46.91,46.830000000000005
Marselha,4,38.63,56.19,47.41
Bordéus,4,32.13,54.35,47.615
Palma de Maiorca,4,44.15,51.49,47.69
Marselha,3,38.6,56.89,47.775
Bilbau,5,33.1,62.52,47.785000000000004
Bristol,4,47.9,47.9,47.9
Agadir,2,26.61,292.44,48.0805
Nantes,3,48.71,48.71,48.71
Madrid,6,46.98,52.72,48.713
Las Palmas,2,24.78,88.27,48.849333333333334
Bordéus,3,36.79,52.42,48.971428571428575
Dole,3,46.79,60.66,49.85818181818181
Las Palmas,5,48.63,55.07,49.966
Luqa,1,46.88,53.24,50.199999999999996
Valência,1,50.55,50.55,50.55
Genebra,3,35.85,92.89,50.72533333333333
Paris,6,49.74,52.51,50.922
Ponta Delgada,3,48.65,54.26,51.082
Málaga,4,49.63,53.24,51.43166666666667
Milão,4,50.58,52.3,51.44
Bérgamo,4,50.58,52.3,51.44
Estrasburgo,1,52.42,52.42,52.42
Toulouse,6,53.42,53.42,53.419999999999995
Alicante,5,53.42,53.42,53.42
Bordéus,2,36.7,122.5,54.10999999999999
Roma,3,48.71,67.25,54.17727272727273
Rennes,1,54.23,54.25,54.24333333333333
Lajes,4,45.88,75.53,54.605714285714285
Cagliari,3,55.15,55.15,55.15
Bergerac,7,55.18,55.18,55.18
Bruxelas,3,49.55,70.68,55.29210526315789
Roma,2,48.63,78.17,55.395714285714284
Palma de Maiorca,5,47.79,59.74,55.75666666666667
Bérgamo,6,48.9,60.8,55.902
Alicante,2,40.39,102.76,57.124545454545455
Zurique,3,43.2,91.79,57.13625
Edimburgo,2,48.63,143.46,57.85090909090909
Sevilha,4,58.75,58.85,58.8
Ibiza,3,55.07,63.34,58.83625
Lajes,1,36.77,81.06,58.915000000000006
Lyon,6,59.78,59.78,59.78
Nápoles,9,56.07,78.94,60.235
Lajes,3,42.23,80.88,60.65599999999999
Lyon,3,38.6,82.77,60.77846153846154
Genebra,5,60.8,60.8,60.8
Carcassonne,4,33.03,147.11,61.575
Valência,2,50.55,116.77,62.49428571428571
Alicante,3,62.52,62.52,62.52
Toulouse,2,32.13,101.32,62.63625
Ibiza,4,36.72,93.95,62.7575
Dublin,4,63.34,63.34,63.34
Marselha,2,50.49,100.22,63.38545454545454
Faro,6,56.1,71.97,63.91916666666666
Marraquexe,3,55.99,83.49,64.11083333333333
Lisboa,11,64.23,64.38,64.28
Birmingham,2,33.03,76.32,64.36
Basileia,6,64.48,64.59,64.51666666666667
Cagliari,5,57.8,78.17,64.58500000000001
Sevilha,5,61.58,77.37,65.77166666666666
Châlons-en-Champagne,9,65.17,66.32,66.08666666666666
Manchester,4,53.22,85.53,66.15
Tours,5,66.22,66.22,66.22
Genebra,6,52.59,71.72,66.22333333333334
Edimburgo,3,67.09,67.09,67.09
Luqa,3,53.34,74.48,68.018
Genebra,2,60.66,80.74,68.03
Sevilha,3,55.27,84.61,68.30727272727273
Rabate,3,64.48,80.01,68.36250000000001
Marselha,6,56.42,85.67,68.804
Bucareste,3,49.66,78.02,69.10052631578947
Bilbau,4,62.39,73.69,69.24363636363637
Liverpool,4,70.0,70.01,70.005
Barcelona,6,64.48,76.77,70.579
Luxemburgo,6,67.25,73.07,70.67
Carcassonne,8,70.77,70.93,70.89666666666666
Alicante,4,63.34,73.57,71.122
Varsóvia,3,59.78,111.02,71.48666666666666
Nantes,5,71.57,71.73,71.60499999999999
Lisboa,1,66.17,77.1,71.63499999999999
Lisboa,2,65.26,76.28,71.668
Santa Cruz de Tenerife,1,50.66,113.77,71.69666666666666
Granadilla de Abona,1,50.66,113.77,71.69666666666666
Basileia,3,70.68,77.1,72.036
Verona,6,60.66,120.23,72.14999999999999
Ibiza,5,68.93,75.4,72.20166666666667
Varsóvia,1,72.48,72.51,72.495
Valência,4,70.65,73.43,72.49833333333333
Lisboa,9,72.51,72.51,72.51
Nice,4,72.51,72.51,72.51
Tours,2,52.39,108.52,72.6975
Veneza,3,67.9,84.61,73.78384615384616
Sófia,3,70.77,74.61,73.842
Châlons-en-Champagne,5,65.3,82.61,73.955
Frankfurt,3,59.74,114.01,73.955
Dublin,1,66.06,106.61,74.202
Maastricht,3,71.85,75.53,74.21833333333333
Londres,6,60.9,87.65,74.247
Copenhaga,2,61.61,84.74,74.38625
Lisboa,5,74.49,74.49,74.49
Lisboa,7,74.61,74.61,74.61
Málaga,6,67.25,83.24,74.705
Bilbau,3,75.53,75.53,75.53
Riga,2,72.51,103.92,75.55692307692308
Riga,3,72.65,78.3,75.75625000000001
Copenhaga,3,64.23,128.04,75.92090909090909
Londres,4,76.33,76.33,76.33
Palma de Maiorca,2,76.45,76.45,76.45
Ibiza,7,69.73,89.92,76.51666666666667
Ponta Delgada,6,72.77,82.9,76.659
Alicante,6,66.32,93.03,76.87266666666666
Lajes,5,43.13,144.38,76.88
Nuremberga,3,71.57,85.53,76.982
Lublin,3,77.07,77.25,77.13
Copenhaga,1,77.37,77.37,77.37
Frankfurt,2,59.78,87.2,77.785
Châlons-en-Champagne,7,77.99,77.99,77.99
Lisboa,8,74.32,81.83,78.085
Basileia,5,78.12,78.15,78.1275
Birmingham,5,78.17,78.17,78.17
Dublin,5,75.36,86.59,78.17750000000001
Lyon,2,55.27,132.34,79.9
Billund,4,79.96,80.13,79.99333333333333
Sevilha,7,80.01,80.01,80.01
Nice,9,78.12,83.82,80.02
Breslavia,2,69.08,96.56,80.625625
Châlons-en-Champagne,6,64.48,86.94,80.72384615384615
Nápoles,10,80.74,80.74,80.74
Sevilha,2,55.17,129.67,80.7525
Ibiza,9,71.73,99.09,80.85000000000001
Bari,3,80.88,80.88,80.88
Bruxelas,2,59.87,119.55,80.915
Granadilla de Abona,2,45.04,411.71,80.9530769230769
Nantes,2,57.11,114.96,81.08142857142856
Luqa,2,48.65,207.84,82.39666666666666
Valência,7,82.61,82.75,82.68
Cork,3,82.72,82.9,82.87
Lille,5,83.49,83.49,83.49
Eindhoven,3,59.87,105.76,83.63142857142859
Marselha,10,83.67,83.67,83.67
Zurique,6,75.66,107.03,83.762
Varsóvia,2,78.94,96.71,83.76599999999999
Estocolmo,1,83.83,83.83,83.83
Santa Cruz de Tenerife,2,45.04,276.63,84.27214285714285
Viena,3,63.34,147.14,84.276875
Marraquexe,5,84.55,84.59,84.57
Karlsruhe,4,84.55,84.75,84.71
Palma de Maiorca,6,60.9,139.79,84.73818181818181
Bari,10,84.74,84.74,84.74
Bari,2,57.11,100.22,85.41181818181818
Birmingham,6,81.98,93.04,85.42
Bristol,2,86.25,88.43,86.80333333333334
Las Palmas,6,81.98,119.48,86.82000000000001
Dublin,10,87.2,87.2,87.2
Palermo,3,59.77,105.92,87.48285714285714
Nantes,1,87.5,87.5,87.5
Marraquexe,2,55.05,175.65,87.51
Valência,6,79.35,100.57,88.14333333333333
Las Palmas,3,88.42,88.42,88.42
La Rochelle,4,83.53,117.72,88.49428571428572
Vigo,6,81.06,100.24,88.73949999999999
Dublin,3,68.81,128.95,88.86666666666667
Málaga,8,74.45,113.77,89.01
Jerez de la Frontera,3,89.0,89.21,89.03666666666668
Sófia,2,89.03,89.19,89.15
Eindhoven,2,61.58,154.4,89.41176470588235
Budapeste,3,67.14,138.87,89.541
Ibiza,6,72.89,106.36,89.765
Dole,1,72.77,101.32,89.856
Verona,7,76.33,100.05,90.554
Mahón,5,75.24,102.8,90.762
Manchester,5,69.88,174.32,90.768
Agadir,6,72.77,125.27,91.0190909090909
Porto Santo,7,84.75,102.08,91.72944444444445
Estocolmo,3,78.29,101.88,91.83615384615385
Pisa,3,91.91,91.91,91.91
Budapeste,2,76.28,109.23,92.1776923076923
Castellón de la Plana,4,92.67,92.67,92.67
Nápoles,3,92.71,92.71,92.71
Bristol,3,92.67,92.89,92.78
Palma de Maiorca,9,93.58,93.58,93.58
Bari,6,93.96,94.34,94.096
Nice,6,56.07,105.76,94.303
Memmingen,6,94.5,94.54,94.52000000000001
Nice,2,60.79,260.67,94.59
Berlim,2,89.15,100.22,94.7225
Marraquexe,1,64.25,119.53,95.03333333333335
Breslavia,3,70.65,170.1,95.55250000000001
Hamburgo,3,87.5,116.57,96.28615384615385
Lajes,6,82.9,105.44,96.32000000000001
Catânia,2,96.34,96.38,96.35333333333334
Mahón,3,96.5,96.5,96.5
Porto Santo,9,72.77,144.04,96.52666666666666
Luxemburgo,4,96.54,96.54,96.54
Châlons-en-Champagne,4,89.15,109.44,96.864
Fes,2,66.98,143.46,96.88529411764706
Viena,4,88.08,110.36,97.034
Bucareste,5,97.25,97.48,97.32666666666667
Sevilha,1,97.42,97.42,97.42
Frankfurt,1,97.63,97.63,97.63
Palma de Maiorca,10,97.63,97.63,97.63
Gotemburgo,1,97.63,97.64,97.63333333333333
Lajes,9,92.87,102.98,97.92500000000001
Tirana,3,98.21,98.21,98.21
Basileia,2,65.26,140.71,98.25500000000001
Memmingen,4,98.17,98.38,98.28999999999999
Ibiza,1,98.34,98.34,98.34
Puerto del Rosario,2,70.93,113.82,98.38
Veneza,1,99.13,99.13,99.13
Zagreb,1,99.26,99.48,99.33333333333333
Granada,5,99.26,99.48,99.33333333333333
Palermo,7,89.03,102.8,99.3475
Sevilha,6,82.12,109.79,99.522
Berlim,3,90.27,119.48,99.53
Cracóvia,3,68.98,173.17,99.84916666666668
Vigo,7,100.01,100.24,100.08666666666666
Trapani,2,100.01,100.22,100.09285714285714
Palermo,2,77.25,109.44,100.44
Bolonha,5,66.09,138.84,100.47666666666667
Catânia,5,91.19,110.33,100.75
Mahón,4,100.97,100.97,100.97
Bolonha,4,64.23,199.52,101.85555555555555
Bolonha,2,63.56,209.27,101.87444444444445
Alicante,7,98.34,105.69,102.015
Glasgow,7,102.02,102.06,102.02799999999999
Billund,2,75.24,172.24,102.24714285714286
Marraquexe,6,81.98,135.03,102.33099999999999
Viena,5,97.25,107.58,102.41499999999999
Nápoles,7,70.68,113.09,102.48750000000001
Mahón,2,84.45,110.54,102.694
Praga,3,66.22,132.63,102.70764705882353
Bari,4,68.06,142.51,103.34125
Praga,2,87.2,120.45,103.825
Breslavia,1,100.05,116.57,104.17999999999999
Nápoles,4,92.11,132.43,104.266
Berlim,1,104.64,104.64,104.64
Nápoles,1,104.77,104.77,104.77
Nuremberga,4,104.77,105.0,104.84666666666665
Pisa,5,105.51,105.56,105.535
Tallin,1,105.56,105.56,105.56
Veneza,2,99.48,111.06,105.7188888888889
Bilbau,2,76.32,114.04,105.72875
Karlsruhe,2,81.83,144.1,105.75937499999999
Zurique,2,105.76,105.76,105.76
Munique,3,105.92,105.93,105.92333333333333
Copenhaga,5,106.47,106.66,106.59666666666665
Bari,5,62.42,128.72,106.62
Castellón de la Plana,7,82.58,127.8,106.72533333333332
Roma,6,104.09,110.72,107.657
Châlons-en-Champagne,2,78.91,122.29,107.755
Mahón,6,101.33,129.87,107.91923076923078
Shannon,4,108.26,108.52,108.43333333333334
Frankfurt,4,96.56,124.13,108.43666666666667
Munique,5,108.45,108.45,108.45
Bruxelas,6,104.09,133.56,108.479
Brindisi,2,105.51,110.33,108.53181818181817
Lodz,3,109.18,109.41,109.29125
Trapani,3,109.18,109.44,109.31
Bremen,4,109.18,109.44,109.31
Tallin,3,106.84,113.12,109.63222222222223
Zagreb,3,77.07,129.42,111.0
Lille,2,111.06,111.06,111.06
Veneza,6,111.46,111.91,111.622
Cork,5,112.2,112.2,112.2
Trieste,3,112.37,112.37,112.37
Praga,7,112.38,112.38,112.38
Genebra,4,113.09,113.09,113.09
Amesterdão,10,109.37,125.27,113.25333333333333
Munique,6,111.28,117.9,113.48666666666668
Bergerac,1,28.46,156.59,113.87666666666667
Hamburgo,2,114.04,114.04,114.04
Olbia,5,114.21,114.21,114.21
Arrecife,1,114.21,114.22,114.215
Bilbau,6,114.22,114.68,114.37272727272726
Puerto del Rosario,5,106.47,157.22,114.4057142857143
Nantes,7,114.96,114.96,114.96
Sófia,5,116.52,116.8,116.61333333333333
Algueiro,3,116.52,116.8,116.70666666666666
Corvera,5,116.98,116.98,116.98
Atenas,3,69.85,173.4,117.51400000000001
Brno,3,117.44,117.72,117.5225
Pisa,4,117.44,117.72,117.58
Billund,5,75.53,147.78,117.78000000000002
Nápoles,6,65.3,144.28,117.81636363636363
Viena,2,117.9,117.9,117.9
Amesterdão,11,117.9,117.91,117.905
Atenas,2,105.69,139.09,117.91454545454545
Berlim,5,110.33,134.24,118.3
Clermont-Ferrand,4,92.83,140.71,118.61615384615385
Santiago de Compostela,2,75.54,125.99,118.82789473684211
Lamezia Terme,2,118.83,118.83,118.83
Astúrias,2,113.77,175.54,119.50818181818181
Tirana,11,119.48,119.74,119.65333333333332
Algueiro,2,119.32,121.37,119.9375
Berlim,6,109.62,137.24,120.21428571428571
Praga,8,120.19,120.24,120.22333333333331
Glasgow,3,120.24,120.24,120.24
Lajes,7,120.45,120.45,120.45
Ilha do Pico,4,120.47,120.47,120.46999999999998
Oslo,2,86.58,161.54,120.63714285714286
Bratislava,3,83.69,135.84,120.91142857142857
Olbia,3,121.11,121.39,121.25
Rennes,3,121.11,121.39,121.25
Belfast,3,114.04,122.29,121.55692307692308
Palermo,5,116.98,132.17,122.04333333333334
Kosice,2,122.08,122.08,122.08
Almeria,6,105.69,142.54,122.18625
Rennes,5,99.48,140.93,122.24000000000001
Tirana,2,101.84,168.26,122.31700000000001
Estocolmo,2,106.61,137.03,122.89727272727272
Mahón,8,103.68,181.13,122.94000000000001
Amesterdão,2,115.13,125.75,123.064
Praga,5,123.15,123.15,123.15
Veneza,4,123.15,123.15,123.15
Edimburgo,5,122.03,125.27,123.928
Bremen,3,113.82,161.54,124.52444444444444
Nuremberga,2,120.19,127.8,124.87461538461538
Palermo,4,114.69,135.19,124.94
Tours,4,67.09,217.37,125.11000000000001
Plovdiv,3,119.48,128.03,125.2025
Praga,6,125.27,125.78,125.45599999999999
Salónica,5,125.7,125.99,125.79666666666667
Bristol,1,125.91,126.19,125.96499999999999
Liverpool,6,99.13,189.6,126.31500000000001
Rennes,2,126.83,126.83,126.83
Almeria,1,126.83,126.88,126.87
Lille,3,93.03,158.08,126.90384615384616
Quichinau,3,127.53,127.83,127.6175
Cluj,2,62.5,227.52,127.78999999999999
Jerez de la Frontera,2,118.61,132.4,127.80333333333334
Málaga,2,111.25,141.84,127.81
Berlim,4,127.83,127.83,127.83
Trapani,7,128.03,128.03,128.03
Horta,3,123.86,133.26,128.29142857142855
Santander,6,125.75,134.11,128.61111111111111
Praga,4,128.67,128.67,128.67
Amesterdão,4,129.37,129.67,129.47
Granada,7,129.59,129.64,129.615
Bari,7,129.67,129.67,129.67
Gotemburgo,3,72.65,144.38,129.842
Bolonha,9,129.87,129.87,129.87
Kaunas,2,123.15,142.78,130.24666666666667
Memmingen,8,130.51,130.51,130.51
Dortmund,2,84.75,147.78,130.7357142857143
Horta,2,118.82,144.38,130.874
Viena,6,130.8,131.33,130.99
Amesterdão,3,120.24,154.14,131.455
Munique,4,112.85,159.06,131.661
Granada,6,131.72,131.72,131.72
São Sebastião,3,106.84,146.19,131.826
Cork,4,132.12,132.43,132.17666666666665
Dortmund,4,132.17,132.4,132.35399999999998
Atenas,10,132.43,132.43,132.43
Astúrias,6,132.34,132.63,132.51399999999998
Clermont-Ferrand,6,132.64,133.18,132.92000000000002
Oslo,8,133.04,133.04,133.04
Belfast,4,133.04,133.04,133.04
Colónia,1,133.04,133.35,133.21714285714285
Amesterdão,6,129.17,137.47,133.294
Granada,3,116.52,167.9,133.66333333333333
Ilha do Pico,3,123.86,136.33,133.82999999999998
Ilha do Pico,10,133.95,133.95,133.95
Leipzig,3,133.95,134.27,134.01333333333332
Olbia,6,134.24,134.24,134.24
Florença,5,121.58,154.2,134.618
Arrecife,6,134.49,135.03,134.7642857142857
Basileia,4,104.84,155.12,134.98000000000002
Kosice,3,130.28,145.3,135.32111111111112
Velas,10,136.71,136.76,136.72666666666666
Cracóvia,2,85.66,163.66,136.77142857142857
Horta,6,98.21,195.88,136.885
Catânia,9,136.94,136.94,136.94
Santa Cruz das Flores,6,133.09,140.0,136.98333333333335
Santa Cruz da Graciosa,3,137.24,137.25,137.24200000000002
Basileia,9,137.62,137.68,137.64000000000001
Munique,12,137.62,137.68,137.65
Girona,6,137.62,137.95,137.74333333333334
Dublin,2,58.86,423.03,137.784
Dusseldorf,5,137.62,137.95,137.785
Florença,3,130.34,153.58,138.07285714285715
Katovice,3,77.07,277.67,138.7
Varsóvia,5,135.79,143.69,139.74
Eindhoven,1,140.0,140.0,140.0
Trapani,1,140.0,140.01,140.005
Casablanca,9,140.43,140.43,140.43
Craiova,3,140.71,140.71,140.71
Hamburgo,6,135.41,162.46,141.385
Vigo,1,141.35,141.59,141.542
Cracóvia,1,141.59,141.59,141.59
Santander,1,141.53,141.84,141.685
Helsínquia,2,121.11,180.54,141.783
Edimburgo,4,89.0,204.11,141.79999999999998
Manchester,6,141.85,142.43,142.14714285714288
Túnis,10,142.45,142.51,142.495
Algueiro,7,93.03,198.6,142.5276923076923
Trapani,4,142.54,142.54,142.54
Puerto del Rosario,9,142.45,142.76,142.605
Telavive,2,107.53,215.61,142.642
Porto Santo,6,80.88,231.58,142.80923076923077
Luqa,4,132.34,150.47,143.20333333333335
Santiago de Compostela,6,134.49,188.16,143.595
Estrasburgo,5,109.18,213.22,143.86
Salzburgo,4,144.04,144.38,144.244
Poznań,1,144.61,144.62,144.61333333333334
Badajoz,10,144.96,145.3,145.02444444444444
Ajácio,3,132.43,156.59,145.2775
Cagliari,9,145.54,145.54,145.54
Nantes,6,64.48,227.0,145.74
Almeria,8,145.88,146.13,146.005
Almeria,7,123.86,155.12,146.1757142857143
Santa Cruz das Flores,3,146.22,146.22,146.22
Knock,2,146.45,146.46,146.45499999999998
Memmingen,2,114.69,188.82,146.81181818181815
Hamburgo,5,146.46,147.37,146.91500000000002
Dusseldorf,3,147.05,147.05,147.05
La Corunha,1,146.86,147.11,147.06
Viena,1,147.11,147.11,147.11
Varsóvia,4,147.14,147.14,147.14
Memmingen,7,147.14,147.14,147.14
Ilha do Pico,2,127.75,208.35,147.205
Bastia,5,147.05,147.37,147.29000000000002
Valladolid,3,147.05,147.38,147.31833333333336
Velas,3,137.24,152.63,147.5
Copenhaga,4,148.03,148.03,148.03
Luqa,6,134.18,152.6,148.22181818181818
Pisa,2,110.53,230.28,148.32999999999998
Lourdes,2,148.89,149.22,149.15833333333333
Jerez de la Frontera,6,149.22,149.83,149.53142857142856
Munique,8,149.81,149.81,149.81
Dubrovnik,10,149.81,149.87,149.85
Santiago de Compostela,3,78.12,223.33,150.72500000000002
Santa Cruz das Flores,4,150.79,150.79,150.79
Horta,5,125.75,171.05,150.796
Dusseldorf,8,151.38,151.99,151.71
Lárnaca,3,141.62,154.47,151.792
São Sebastião,2,152.3,152.36,152.33
Vila do Porto,5,127.83,160.63,152.395
São Sebastião,4,143.37,207.24,152.52307692307693
Cracóvia,10,152.56,152.56,152.56
Rovaniemi,3,152.56,152.9,152.7188888888889
Châlons-en-Champagne,8,135.84,180.25,152.8775
Astúrias,4,152.9,152.91,152.905
Munique,9,153.28,153.28,153.28
Tânger,6,153.22,153.58,153.34
Maastricht,2,58.03,177.49,153.43
Pamplona,3,154.14,154.47,154.29375
Pafos,2,142.45,166.45,154.45
Leeds,1,154.4,154.75,154.685
Castellón de la Plana,8,90.83,187.91,155.50777777777776
Billund,6,155.67,156.3,155.99285714285716
Maastricht,8,156.04,156.3,156.17777777777778
Tours,1,156.58,156.59,156.585
Munique,1,125.27,188.4,156.835
Perpinhã,3,156.95,156.95,156.95
Melilla,5,156.89,157.22,157.05714285714285
Algueiro,6,128.04,433.78,157.3490909090909
Granada,8,155.42,165.79,158.0125
Reiquiavique,5,158.08,158.08,158.08
Trapani,6,158.08,158.14,158.1
Stavanger,3,158.08,158.42,158.23777777777775
Heraclião,3,158.42,158.42,158.42
Zagreb,5,135.79,275.83,158.58749999999998
Arrecife,5,109.18,354.14,158.69
Santa Cruz de Tenerife,6,126.2,191.44,158.702
Ilha do Pico,5,128.72,175.61,158.755
Cardiff,2,158.72,159.1,158.886
Túnis,4,98.34,231.6,158.972
Tânger,10,159.1,159.1,159.1
Cluj,4,137.62,234.97,159.34
Hamburgo,4,141.29,196.34,159.64
Kaunas,5,159.64,160.02,159.82999999999998
Trieste,10,159.64,159.98,159.831
Brive-la-Gaillarde,10,159.91,160.26,160.02666666666667
Casablanca,5,158.72,162.74,160.39000000000001
Glasgow,6,160.28,160.93,160.51399999999998
Ilha do Pico,6,160.28,160.93,160.6142857142857
Corfú,9,160.63,160.63,160.63
Estugarda,7,161.19,161.19,161.19
Pristina,5,161.48,161.86,161.60666666666665
Porto Santo,5,161.86,161.86,161.86
Casablanca,3,151.97,166.71,162.39857142857142
Melilla,8,162.39,162.46,162.41333333333333
Tallin,2,140.37,217.44,162.4157142857143
Vilnius,5,163.31,163.7,163.505
Granada,2,125.27,217.37,163.65
Zadar,4,164.51,164.51,164.51
Oslo,3,82.58,253.82,164.65666666666664
Bucareste,2,96.5,202.19,164.73
Glasgow,4,151.38,251.39,165.87285714285716
Heraclião,9,164.58,169.8,166.32000000000002
Las Palmas,4,166.35,166.35,166.35
Colónia,4,138.78,219.21,167.19666666666666
Budapeste,5,167.27,167.27,167.27
Tirana,5,163.03,179.33,168.46666666666667
Lyon,1,168.55,168.55,168.55
Granada,4,168.89,169.18,169.035
Brest,2,100.22,221.63,169.04250000000002
Turim,2,167.63,172.25,169.17
Brindisi,8,169.1,169.47,169.17499999999998
Amesterdão,5,169.21,169.21,169.21
Zagreb,6,167.37,170.17,169.53
La Corunha,2,169.73,170.13,169.8475
Ilha do Pico,9,169.8,170.1,169.875
Estugarda,3,170.02,170.02,170.02
Dusseldorf,10,170.13,170.13,170.13
Nimes,5,55.27,196.18,170.28363636363636
Florença,4,170.02,170.65,170.335
Brest,3,141.29,191.24,170.7133333333333
Constantine,2,170.65,171.05,170.7675
Santa Cruz das Flores,5,167.34,172.56,170.79666666666665
Brest,5,171.05,171.05,171.05
Atenas,6,157.51,218.26,171.27545454545455
Turim,1,145.27,207.7,172.0257142857143
Split,6,145.77,214.78,172.03875
Salónica,3,134.48,176.53,172.267
Dusseldorf,6,172.25,172.95,172.502
Belfast,2,133.26,182.37,172.548
Perpinhã,4,172.49,172.89,172.664
Olbia,2,172.56,172.85,172.75333333333333
Catânia,6,173.4,173.47,173.42333333333332
Lille,4,77.25,202.32,173.43875
Istambul,3,142.21,250.9,173.51214285714286
Jerez de la Frontera,7,173.7,173.77,173.72333333333333
Éilat,2,173.7,174.09,174.01833333333335
Glasgow,2,121.58,464.2,174.21
Santa Cruz da Graciosa,6,175.01,175.72,175.268
Velas,5,175.24,175.61,175.3757142857143
Santa Cruz da Graciosa,5,175.24,175.61,175.3757142857143
Zadar,7,169.1,185.33,175.4488888888889
Lárnaca,2,131.42,198.04,176.132
Budapeste,6,175.94,176.65,176.19400000000002
Quichinau,2,176.46,176.86,176.65900000000002
Estugarda,4,137.86,245.49,177.70454545454547
Reiquiavique,3,147.37,222.5,177.86777777777777
Rennes,4,162.67,185.41,177.89
Istambul,5,145.02,189.08,178.04500000000002
Florença,6,173.81,184.97,178.05769230769232
Colónia,2,86.28,534.18,178.51125
Algueiro,4,178.68,178.68,178.68
Verona,4,178.68,178.68,178.68
Sófia,6,164.23,187.91,178.78
Edimburgo,10,179.21,179.21,179.21
Kaunas,1,179.21,179.61,179.4766666666667
Nimes,7,179.61,179.61,179.61
Poznań,2,179.9,180.53,180.2109090909091
Lárnaca,4,138.87,318.49,180.3166666666667
Jerez de la Frontera,1,180.13,180.53,180.45
Shannon,2,180.74,181.13,180.96727272727273
Frankfurt,6,125.48,285.55,181.205
Estocolmo,6,154.08,208.51,181.233
Quichinau,6,181.46,182.2,181.84285714285713
Zagreb,4,181.97,181.97,181.97
Oslo,4,181.97,181.97,181.97
Arrecife,4,125.96,436.57,182.19
Pamplona,2,176.53,183.29,182.245
Belgrado,2,158.72,199.52,182.35166666666666
Riade,1,182.37,182.38,182.372
Escópia,2,182.65,182.97,182.778
Vila do Porto,2,182.89,182.97,182.95
Aberdeen,2,182.65,183.3,183.03928571428568
Santander,4,140.92,198.64,183.4523076923077
Split,8,176.46,203.11,183.46777777777777
Lampedusa,4,183.49,183.93,183.62
Vilnius,3,76.33,290.96,183.64499999999998
Houmt Souk,10,183.81,184.21,184.01
Heraclião,6,130.8,276.27,184.02526315789473
Shannon,5,183.81,184.23,184.14666666666668
Breslavia,4,184.23,184.23,184.23
Granadilla de Abona,6,177.78,191.44,184.5
Podgorica,5,184.41,184.85,184.55666666666664
Split,7,176.16,208.27,184.6125
Bastia,8,184.49,184.81,184.74
Sófia,8,175.31,188.48,185.1475
Verona,2,185.15,185.15,185.15
Bristol,7,186.25,186.32,186.285
Cluj,5,186.69,186.69,186.69
Almeria,4,186.69,186.69,186.69
Vilnius,1,186.97,186.97,186.97
Argel,2,155.05,219.23,187.1875
Dublin,6,112.38,364.39,187.949
Dubrovnik,8,188.16,188.16,188.16
Forlì,3,188.4,188.82,188.53142857142856
Figari,6,177.14,286.0,189.35727272727271
Gdansk,9,190.0,190.66,190.29000000000002
Pafos,6,190.06,190.52,190.36666666666667
Oslo,1,127.53,211.47,190.485
Míconos,5,191.16,191.16,191.16
Bergen,2,179.61,204.16,191.76500000000001
Atenas,9,151.64,232.1,191.87
Túnis,6,181.46,197.68,192.35076923076923
Tirana,9,185.65,206.43,192.57666666666668
Escópia,3,193.0,193.08,193.02666666666667
Pisa,8,193.42,193.42,193.42
Palanga,2,193.59,194.0,193.80777777777777
Reiquiavique,1,194.5,194.5,194.5
Bratislava,4,114.04,224.34,194.821875
Colónia,5,194.84,194.84,194.84
Casablanca,7,195.42,195.5,195.468
Melilla,2,195.88,195.88,195.88
Perpinhã,2,196.76,196.76,196.76
Limoges,1,176.16,309.71,196.8876923076923
Figari,5,190.24,210.0,197.07857142857142
Bolonha,6,86.28,371.21,197.26230769230767
Oran,2,197.26,197.72,197.39499999999998
Eindhoven,6,197.12,197.92,197.53142857142856
Ajácio,6,198.26,198.26,198.26
Liverpool,1,198.6,198.6,198.6
Santa Cruz das Flores,2,177.45,222.89,198.95000000000002
Liubliana,5,199.87,199.88,199.87333333333333
Istambul,2,194.92,208.76,200.456
Istambul,10,200.8,200.8,200.8
Thera,6,164.51,300.14,200.87066666666666
Poitiers,6,200.93,201.01,200.98333333333335
Turim,4,200.93,201.4,201.01777777777778
Monastir,3,201.4,201.4,201.4
Gotemburgo,4,190.0,317.76,201.87818181818182
Montpellier,8,201.84,202.32,202.0
Edimburgo,6,150.53,259.25,202.31454545454545
Bergen,3,178.91,236.29,202.83333333333334
Velas,2,151.74,437.74,202.917
Figari,7,202.85,203.19,203.105
Rzeszów,2,203.76,204.11,204.03555555555556
Casablanca,2,204.16,204.16,204.16
Salzburgo,12,204.16,204.16,204.16
Santa Cruz de la Palma,5,204.6,204.68,204.62666666666667
Belgrado,5,204.6,205.08,204.76
Dubrovnik,2,205.39,205.39,205.39
Amã,3,157.5,294.63,205.45749999999998
Míconos,7,190.83,249.6,205.586
Lille,1,205.6,205.6,205.6
Graz,5,206.43,206.92,206.575
Verona,11,207.43,207.79,207.54999999999998
Târgu Mureş,4,207.35,207.84,207.56199999999998
Zadar,6,208.27,208.76,208.564
Fes,4,209.54,210.0,209.655
Arrecife,7,209.54,210.0,209.6933333333333
Salónica,2,169.47,250.14,209.81
Bergerac,4,210.1,210.6,210.35
Cardiff,3,129.42,230.78,210.468
Santa Cruz de la Palma,2,133.35,230.68,210.66
Dalaman,4,207.7,233.59,211.0625
Zagreb,8,211.11,211.11,211.11
Hanover,2,190.36,219.65,211.261875
Belfast,9,211.02,211.52,211.27
Puerto del Rosario,6,166.07,257.41,211.652
Liège,2,212.3,212.78,212.68666666666664
Vila do Porto,4,212.3,212.78,212.68666666666664
Dubrovnik,7,200.93,242.78,212.69400000000002
Helsínquia,9,213.35,213.35,213.35
Southampton,2,213.35,213.35,213.35
Girona,7,213.35,213.35,213.35
Catânia,7,175.54,231.75,213.8025
Salónica,1,214.27,214.27,214.27
Belgrado,4,214.14,214.6,214.28428571428572
Míconos,9,214.6,214.62,214.60666666666665
Telavive,3,215.61,216.11,215.77666666666667
Samsun,3,215.61,216.11,215.8957142857143
Corfú,8,179.61,230.28,216.2225
Catânia,8,217.38,217.38,217.38
Chania,5,217.44,217.53,217.494
Cracóvia,5,217.95,217.95,217.95
Ilha do Pico,8,218.82,218.82,218.82
Tirana,6,158.14,261.73,218.94692307692307
Kosice,6,218.73,219.21,218.95333333333332
Houmt Souk,6,189.08,250.63,219.51625
Vitória,4,219.37,219.74,219.6588888888889
Timişoara,2,211.11,243.18,220.5007142857143
Hamburgo,8,221.97,221.97,221.97
Thera,9,223.04,223.04,223.04
Varna,2,222.95,223.42,223.212
Vila do Porto,8,223.86,224.34,223.99
Breslavia,6,224.19,224.74,224.5566666666667
Kos,6,214.69,231.7,224.73499999999999
Reiquiavique,4,224.87,224.87,224.87
Génova,8,224.78,225.31,225.02555555555557
Lourdes,4,224.78,225.26,225.03333333333333
Nador,2,224.87,225.66,225.26090909090908
Santa Cruz das Flores,7,225.66,225.67,225.665
Oslo,5,226.23,226.23,226.23
Horta,4,226.23,226.23,226.23
Montpellier,2,165.43,329.15,227.07600000000002
Olbia,7,129.67,479.73,227.4325
Lamezia Terme,4,226.62,228.42,227.615
Velas,6,175.3,306.73,227.956
Condado de Derry,3,228.99,228.99,228.99
Rzeszów,3,229.37,229.91,229.5909090909091
Gdansk,2,84.61,302.13,229.60833333333335
Míconos,4,171.86,480.65,229.8014285714286
Lárnaca,6,203.11,234.91,230.53125
Suceava,2,230.68,231.18,230.88
Abu Dhabi,3,231.2,231.2,231.2
Míconos,8,232.22,232.22,232.22
Monastir,2,233.04,245.38,234.3575
Sófia,1,234.36,234.36,234.36
Mahón,7,130.59,458.79,234.6975
Vilnius,4,158.43,273.87,235.39000000000001
Arrecife,8,235.43,235.43,235.43
Insbruque,6,235.27,235.84,235.65
Istambul,6,224.75,257.91,235.80333333333337
Liubliana,3,236.19,236.19,236.19
Salónica,7,236.71,236.71,236.71
Las Palmas,7,236.71,236.71,236.71
Santa Cruz da Graciosa,4,217.91,246.3,236.83666666666667
Trieste,4,237.11,237.63,237.24
Szymany,2,237.62,238.18,237.785
Sibiu,4,229.37,279.03,237.84166666666667
Montpellier,7,235.79,240.41,238.1
Santa Cruz da Graciosa,7,238.54,239.1,238.78400000000002
Velas,7,239.1,239.1,239.1
Catânia,4,107.77,418.34,239.81375
Insbruque,2,163.95,584.88,240.004
Lampedusa,7,239.87,240.39,240.0775
Craiova,6,239.87,240.39,240.1122222222222
Gotemburgo,5,240.38,240.94,240.66
Ajácio,4,240.89,240.89,240.89
Escíato,9,242.21,242.78,242.495
Cagliari,10,243.16,243.16,243.16
Cagliari,6,136.33,350.52,243.28333333333333
Helsínquia,6,242.31,245.92,243.41777777777776
Florença,8,202.63,295.66,244.09750000000003
Liubliana,10,244.46,244.57,244.548
Münster,3,244.96,245.54,245.1775
Cardiff,1,245.92,245.94,245.92399999999998
Zagreb,2,140.67,404.63,246.254
Leipzig,4,191.83,301.64,246.735
Bastia,2,246.84,246.86,246.85000000000002
Bastia,7,211.52,266.18,247.92333333333332
Tetuão,2,248.68,248.7,248.69
Míconos,6,166.99,329.76,248.73000000000002
Argostoli,8,248.63,249.22,248.82666666666668
Nantes,4,109.18,299.8,248.95
Bratislava,2,249.06,249.06,249.06
Corvera,4,249.22,249.22,249.22
Palermo,6,131.72,474.42,249.30416666666667
Dubrovnik,9,183.01,289.21,250.48599999999996
Dresden,3,251.82,252.39,252.28166666666667
Biarritz,4,252.3,252.9,252.41555555555558
Escópia,11,253.29,253.29,253.29
Linz,2,159.34,316.28,253.452
Sharm El Sheikh,3,244.05,265.26,253.87818181818182
Pafos,3,87.5,387.08,254.14454545454547
Sófia,9,255.06,255.66,255.3457142857143
Turku,2,256.97,256.99,256.97400000000005
Jerez de la Frontera,4,257.33,257.33,257.33
Florença,2,145.27,499.95,258.1
Luqa,9,259.74,259.74,259.74
Calvi,2,259.74,259.76,259.744
Dortmund,7,260.09,260.66,260.375
Dusseldorf,2,156.04,415.61,260.4433333333333
Liubliana,6,260.56,260.67,260.62600000000003
Stavanger,2,261.48,262.09,261.65999999999997
Reiquiavique,9,261.93,261.93,261.93
Dubrovnik,6,227.63,296.06,262.93388888888893
Katovice,4,246.84,376.32,264.0544444444444
Katovice,2,158.43,318.19,264.68666666666667
Aqaba,2,161.54,367.85,264.765
Brive-la-Gaillarde,2,265.77,265.77,265.77
Heraclião,7,207.35,365.09,265.855
Liubliana,8,266.98,267.61,267.165
Zadar,2,267.44,267.55,267.495
Antuérpia,2,269.28,269.87,269.39666666666665
Riade,3,270.37,270.37,270.37
Perugia,4,198.17,297.5,270.6653333333333
Argel,4,271.12,271.23,271.14750000000004
Riga,7,271.12,271.71,271.2675
Roterdão,4,271.12,271.71,271.31666666666666
Bergen,6,272.03,272.63,272.17999999999995
Estrasburgo,2,139.08,435.9,272.2063157894737
Bergen,8,272.63,272.65,272.64
Escópia,8,273.41,274.05,273.5975
Liverpool,5,207.35,411.07,275.42
Malmo,5,275.24,275.89,275.4463636363636
Reiquiavique,2,172.56,378.64,275.6
Túnis,9,153.82,337.77,275.90999999999997
Vigo,2,110.53,400.7,276.34142857142854
Trondheim,2,277.24,277.26,277.25
Salónica,6,277.26,277.7,277.348
Génova,4,267.09,367.52,277.457
Corfú,6,130.51,435.69,277.51375
Corfú,5,173.4,486.25,277.82
Ajácio,2,191.24,332.12,278.05111111111114
Newcastle upon Tyne,4,278.47,279.1,278.789
Ancara,2,278.47,279.1,278.9816666666666
Istambul,4,279.03,279.03,279.03
Heraclião,8,279.08,279.1,279.08666666666664
Oujda,8,279.08,279.1,279.09000000000003
Dalaman,2,278.91,279.57,279.24
Reiquiavique,6,199.87,516.66,279.34142857142854
Dubrovnik,5,281.23,281.23,281.23
Pisa,6,157.77,448.68,286.51352941176475
Tânger,2,124.13,530.52,286.88619047619045
Telavive,6,209.09,404.16,286.99
Erevã,2,284.41,293.71,289.12874999999997
Houmt Souk,5,289.23,289.23,289.23
Chania,6,220.13,331.09,290.84000000000003
Dalaman,3,291.05,291.07,291.0566666666667
Biarritz,2,289.62,298.81,291.9175
Casablanca,4,292.25,293.36,293.14500000000004
Turku,3,293.71,294.22,294.10555555555555
Escópia,1,296.58,296.6,296.58666666666664
Sitia,6,297.08,297.8,297.56
Cidade da Praia,5,297.5,301.64,298.53999999999996
Helsínquia,1,298.69,298.81,298.73
Grenoble,2,297.26,302.89,300.2175
Tromsø,3,300.01,300.65,300.38272727272727
Tirana,4,304.2,304.2,304.2
Thera,7,171.32,570.96,305.2
Hanover,4,216.11,324.42,308.88125
Monastir,6,309.31,310.83,310.08500000000004
Antália,2,291.87,384.4,310.58000000000004
Split,9,310.23,310.77,310.59
Clermont-Ferrand,5,308.55,312.23,310.9871428571428
Podgorica,8,311.15,311.15,311.15
Salónica,8,198.26,426.44,312.35
Régio da Calábria,2,313.39,314.1,313.9683333333333
Sørvágur,9,313.9,314.44,314.32375
Abu Dhabi,2,255.06,443.26,314.7264705882353
Arrecife,2,99.48,388.0,315.50333333333333
Verona,1,315.61,315.61,315.61
Esmirna,2,278.16,339.27,316.3375
Belgrado,1,316.84,316.86,316.84666666666664
Iași,7,318.68,318.71,318.695
Cairo,3,317.07,328.1,319.302
Antuérpia,1,320.52,320.52,320.52
Oujda,5,207.35,434.06,320.7866666666667
Berna,4,321.66,322.37,322.0657142857143
Caen,4,322.03,322.79,322.2525
Argel,7,322.03,322.72,322.38142857142856
Vila do Porto,7,323.5,323.5,323.5
Tromsø,2,318.9,326.07,324.01000000000005
Podgorica,7,293.17,356.44,324.805
Santa Cruz de la Palma,8,325.34,325.48,325.40999999999997
Túnis,7,325.55,325.55,325.55
Helsínquia,4,327.67,327.67,327.67
Túnis,8,328.84,328.84,328.84
Granadilla de Abona,8,329.01,329.01,329.01
Brest,1,329.15,329.15,329.15
Cairo,5,329.37,329.51,329.4633333333333
Cairo,9,329.73,329.76,329.745
Brindisi,6,329.73,330.29,329.969
Tbilisi,3,333.61,334.34,333.975
Vilnius,2,104.64,748.57,336.015
Clermont-Ferrand,9,336.71,338.68,337.554
Skýros,2,338.54,339.27,338.9266666666667
Toulon,7,311.02,395.59,339.4533333333333
Kayseri,3,339.46,339.6,339.50666666666666
Al Hoceima,2,339.87,339.89,339.88
Thera,3,340.38,340.38,340.38
Bremen,7,340.04,340.81,340.66833333333335
Antália,5,340.04,340.81,340.66833333333335
Liubliana,9,340.96,340.96,340.96
Vilnius,6,340.44,341.27,340.99333333333334
Rodes,2,341.3,342.1,341.535
La Seu d'Urgell,2,342.1,342.1,342.1
Ajácio,5,342.63,344.19,343.85
Escíato,8,319.41,475.29,345.8
Préveza,8,312.07,561.83,346.19250000000005
Chania,7,345.88,346.7,346.28999999999996
Cidade da Praia,4,295.14,399.03,347.085
Antuérpia,4,346.8,347.54,347.14750000000004
Saraievo,4,332.12,489.84,347.29857142857145
Hurghada,2,346.94,347.54,347.34
Oostende,2,347.72,348.54,347.96000000000004
Bodrum,2,347.39,348.18,348.02833333333336
Ancona,6,336.71,470.54,348.24583333333334
Miami,1,348.31,348.31,348.31
Trondheim,5,348.54,348.54,348.54
Santa Cruz de la Palma,1,349.08,349.1,349.084
Sitia,7,349.55,350.38,349.96500000000003
Nova Iorque,9,248.74,402.71,350.1542857142857
Antália,6,268.82,423.58,350.58000000000004
Quimper,3,347.72,354.97,350.9555555555556
Pula,7,350.15,356.12,353.16700000000003
Houmt Souk,9,202.63,429.46,353.84999999999997
Liubliana,2,285.08,411.99,354.114
Rodes,8,354.14,354.29,354.23
Olbia,9,160.56,646.57,354.696
Saraievo,8,355.21,355.21,355.21
Burgas,6,357.5,358.89,358.28181818181815
Pafos,5,239.46,833.97,358.402
Cidade da Praia,3,355.06,370.26,359.3514285714286
Lárnaca,5,350.47,377.23,359.39000000000004
Toronto,4,359.57,359.57,359.57
Heraclião,5,249.55,477.18,363.365
Rabate,2,196.34,880.07,365.3795
Figari,2,366.07,366.93,366.5
Escópia,5,372.49,373.37,373.01800000000003
Espargos,4,373.41,374.29,373.85
Umeå,1,375.24,376.13,375.685
Salzburgo,2,99.26,572.8,377.3272222222222
Ängelholm,9,376.8,377.66,377.49666666666667
Toronto,5,378.15,378.8,378.5833333333333
Budapeste,7,380.39,380.39,380.39
Plovdiv,1,203.76,727.42,380.44124999999997
Oujda,7,380.9,381.56,381.4175
Toronto,2,370.26,427.71,381.51307692307694
Miami,2,353.06,402.79,382.39916666666664
Chania,8,384.1,384.1,384.1
Antália,4,385.07,385.07,385.07
Telavive,8,387.16,387.76,387.46000000000004
Lisboa,6,387.76,387.76,387.76
Luleå,2,387.33,388.68,388.0009090909091
Narvik,2,387.83,388.68,388.17
Riade,2,283.61,577.52,388.53214285714284
Esmirna,5,390.59,390.59,390.59
Argel,8,390.59,391.44,391.015
Cidade da Praia,2,391.76,391.76,391.76
Zadar,8,312.99,752.08,393.95285714285717
Calamata,4,394.51,395.35,394.95444444444445
Hurghada,3,337.43,412.91,399.8733333333334
Toronto,3,367.77,433.96,403.0783333333333
Nova Iorque,11,402.54,403.71,403.4175
Tallin,4,403.45,403.63,403.53999999999996
Nova Iorque,3,376.04,412.91,403.6614285714286
Montreal,3,398.81,424.04,405.125
Nova Iorque,5,400.18,410.28,405.23
Newark,11,403.71,408.97,406.53375
Nova Iorque,4,407.13,407.13,407.13
Velas,4,408.05,408.05,408.05
Newark,9,407.52,409.14,408.275
Génova,1,408.94,408.94,408.94
Cairo,2,359.57,548.87,409.448
Kayseri,6,375.88,431.03,409.71133333333336
Varna,1,409.89,409.89,409.89
Newark,5,410.11,410.28,410.22333333333336
Beirute,2,410.78,410.82,410.7933333333333
Newark,2,411.71,411.71,411.71
Rijeka,8,411.71,411.74,411.725
Newark,4,407.13,419.07,413.1
Nova Iorque,2,408.22,425.52,415.9
Pafos,9,418.36,419.35,418.855
Newark,3,411.19,447.63,419.42857142857144
Trondheim,6,419.08,419.99,419.44375
Ancona,4,420.0,420.92,420.69
Toronto,6,421.87,423.58,422.7471428571429
Antália,8,422.75,422.93,422.87000000000006
Dubai,9,425.78,425.78,425.78
Nevşehir,3,427.54,427.71,427.59666666666664
Nova Iorque,6,428.32,431.08,430.508
Kayseri,2,395.18,462.59,432.7811111111111
Cancún,3,432.86,433.81,433.33500000000004
Sharm El Sheikh,2,262.5,780.12,435.0466666666666
Zaquinto,6,196.18,543.38,436.2266666666667
Montreal,2,424.59,454.19,436.50199999999995
Cairo,7,436.57,436.57,436.57
Ancara,4,437.74,437.74,437.74
Bastia,4,439.46,440.5,439.98
Amã,12,441.13,441.13,441.13
Beirute,8,442.22,443.26,442.70222222222225
Miami,6,441.93,443.05,442.776
Fort Lauderdale,1,442.97,442.97,442.97
Dakar,5,426.47,451.44,445.1975
Fort Lauderdale,2,433.22,498.28,445.8246153846154
Metz,3,445.73,445.92,445.85666666666674
Kos,7,446.84,446.84,446.84
Estrasburgo,8,451.31,451.31,451.31
Cancún,5,451.44,451.44,451.44
Cairo,4,448.82,462.47,452.6225
Friedrichshafen,2,192.51,525.91,453.8959090909091
Tbilisi,2,374.32,522.01,456.0330769230769
Sharm El Sheikh,4,372.64,504.73,456.39363636363635
Fort Lauderdale,3,456.76,456.95,456.912
Nevşehir,6,430.11,545.33,459.57842105263154
Elazığ,2,459.65,460.63,460.196
Cancún,2,433.14,473.5,461.71333333333337
Chania,9,270.31,653.43,461.86999999999995
Sørvágur,3,461.35,462.4,462.1983333333333
Nevşehir,2,462.4,462.59,462.51399999999995
Linz,7,463.32,464.41,463.66818181818184
"Washington, D.C.",2,456.84,490.97,464.36466666666666
Luanda,3,444.97,495.56,466.94
New Windsor,8,414.69,587.42,467.53000000000003
Sharjah,2,432.92,472.49,468.038
Esmirna,4,267.09,519.58,468.35
Roterdão,9,469.62,469.82,469.68666666666667
Rodes,7,469.62,470.65,470.09999999999997
Varna,6,252.74,493.59,471.0290909090909
Espargos,3,440.22,541.54,473.62
Quebec,12,473.61,474.42,474.09125
Aarhus,4,473.61,475.26,474.343
Baltimore,2,467.89,476.36,474.41615384615386
West Palm Beach,2,460.43,486.48,474.85571428571427
Girona,8,464.11,489.13,475.79636363636365
Reus,6,428.63,557.68,476.2826315789474
Salzburgo,1,476.36,476.36,476.36
Dakar,8,478.94,478.94,478.94
"Washington, D.C.",5,478.81,479.86,479.33500000000004
Batumi,3,478.91,480.04,479.5557142857143
Montreal,9,480.04,480.04,480.04
Dakar,7,482.62,482.62,482.62
Cancún,9,483.5,483.5,483.5
Montreal,1,435.62,557.23,484.264
Paleochori,7,484.42,485.56,484.99
Naxos,6,485.34,486.48,486.09999999999997
Dubai,11,489.21,489.21,489.21
Corfú,7,491.89,491.89,491.89
Tbilisi,4,458.79,517.66,492.4128571428572
Reus,8,492.68,493.84,493.02
Turim,6,492.6,493.68,493.32
Ancara,5,495.43,496.49,495.99
Pescara,1,495.36,496.48,496.26666666666665
Cancún,6,443.26,581.91,498.488
Luanda,4,442.05,526.83,498.57
Espargos,9,499.3,499.3,499.3
Espargos,10,497.26,501.08,499.53999999999996
Zaquinto,8,490.91,509.47,502.7183333333333
Espargos,11,502.98,502.98,502.98
Dubai,5,421.11,528.68,503.14375
Esmirna,9,498.18,519.47,505.38166666666666
Sharjah,3,506.44,507.63,506.78999999999996
Hurghada,6,465.16,536.41,507.39000000000004
Pau,2,507.49,507.53,507.51
Amã,4,510.11,510.32,510.21500000000003
Cidade da Praia,6,394.67,525.31,510.4418181818182
Adana,9,511.02,512.23,511.54799999999994
Kiruna,2,512.1,512.14,512.12
Baku,3,513.74,514.86,514.0914285714287
São Francisco,3,513.99,514.87,514.43
Cidade da Praia,11,514.69,514.69,514.69
Dalaman,7,514.91,514.91,514.91
Orlando,10,514.66,515.78,515.0333333333333
New Windsor,3,451.44,841.83,516.6885714285714
Nicósia,7,513.78,532.12,518.48
Kittilä,3,519.47,519.51,519.49
Ronneby,2,355.52,591.31,523.1307142857142
Al Hoceima,8,522.93,524.07,523.2871428571428
Luanda,2,448.82,557.29,524.024
Jidá,2,423.68,751.62,524.7191666666666
Cidade da Praia,10,524.77,524.77,524.77
Baltimore,6,525.68,526.83,526.14
Rio de Janeiro,5,497.47,578.41,526.6275
Dar Es Salaam,4,526.83,526.87,526.85
Tampere,4,526.62,527.86,527.24
Baltimore,3,461.55,601.44,528.185
Samos,8,527.76,529.6,528.58
Hurghada,5,529.6,529.64,529.62
"Washington, D.C.",3,457.87,601.44,529.655
Punta Cana,5,529.7,529.7,529.7
Espargos,5,529.59,530.5,530.0883333333333
Cairo,6,530.56,532.71,531.6657142857142
Dubai,2,420.92,714.54,532.882
Bogotá,6,533.32,534.18,533.6066666666667
Tivat,8,469.01,540.62,533.6463636363637
Houmt Souk,7,497.51,550.47,533.855
Amã,2,511.9,599.6,534.2766666666666
Cidade do Panamá,2,516.7,623.1,534.44
Atlanta,2,535.8,536.94,536.2777777777778
Hurghada,9,506.39,571.04,538.4575
Nimes,2,538.55,539.82,538.7888888888888
Espargos,2,503.03,611.57,539.21
New Windsor,6,539.73,539.77,539.746
Dubai,6,539.82,539.82,539.82
Dakar,4,500.27,566.31,541.455
Orlando,1,541.31,541.54,541.4633333333333
Montreal,7,535.8,558.21,541.91
Hurghada,8,529.6,562.45,546.0250000000001
Banjul,5,548.94,548.98,548.96
Varna,7,549.01,549.01,549.01
Calvi,7,548.87,549.81,549.6033333333334
Metz,2,550.47,551.77,550.7166666666667
Newark,6,485.42,602.4,550.722
Montreal,6,554.37,554.37,554.37
Cidade da Praia,8,554.47,554.47,554.47
Alexandria,2,558.05,559.01,558.7966666666666
Boston,4,500.22,660.14,559.5675
Nicósia,2,562.75,562.8,562.76
Joanesburgo,3,562.4,563.73,562.8944444444445
Beirute,7,562.63,564.6,563.6063636363637
Amã,10,564.24,565.57,564.905
São Pedro,5,544.06,574.76,566.9355555555555
Espargos,6,504.66,642.13,567.9636363636364
"Washington, D.C.",6,568.88,568.88,568.88
São Pedro,2,569.06,570.04,569.55
Joanesburgo,1,516.74,577.39,569.625
São Francisco,10,569.8,570.04,569.848
Saguenay,12,572.49,573.72,573.176
Calamata,8,532.12,659.46,574.5666666666667
Chicago,4,567.96,589.48,575.5466666666667
Los Angeles,4,575.56,575.56,575.56
Rovaniemi,2,575.69,575.69,575.69
Chicago,2,466.97,618.77,577.2018181818182
Cidade do México,3,556.9,615.09,578.4890909090909
Cancún,4,569.98,591.09,580.5350000000001
Santo Domingo,6,583.06,584.0,583.53
São Francisco,5,584.42,584.42,584.42
New Windsor,4,584.5,584.5,584.5
Podgorica,4,586.26,587.51,587.0319999999999
Orlando,2,543.49,693.59,587.832
São Francisco,4,588.09,589.48,588.8842857142857
Chicago,1,590.84,592.23,591.5350000000001
São Francisco,1,592.23,592.27,592.238
Hurghada,4,500.02,734.27,593.954
Esmirna,8,594.07,594.07,594.07
São Paulo,3,546.82,626.26,594.9140000000001
Tampa,2,594.61,595.96,595.29
Salvador,9,599.6,599.64,599.6133333333333
Amã,6,569.2,607.87,600.5550000000001
Manama,1,600.13,601.48,601.0714285714286
Los Angeles,3,601.85,601.85,601.85
San Jose,2,601.85,603.27,602.4345454545454
Cidade do México,1,578.46,645.65,612.0550000000001
Leeds,2,612.86,614.3,613.3236363636363
Chicago,8,617.14,617.14,617.14
Orlando,4,568.32,718.67,618.4366666666666
Atlanta,4,616.17,622.62,619.4742857142857
Punta Cana,4,619.54,620.61,620.3425
Bogotá,5,564.6,650.03,621.1866666666666
Berna,2,624.79,626.12,625.533
Guaiaquil,5,626.62,628.1,627.0927272727273
Los Angeles,2,560.61,705.35,628.3284210526316
Addis Abeba,6,628.2,630.74,629.1120000000001
Chicago,3,629.38,630.86,629.8475
Zanzibar,5,629.99,630.04,630.0066666666667
Cidade do Panamá,3,577.08,650.95,630.9853333333334
Sharm El Sheikh,6,446.54,817.42,631.668
São Paulo,5,580.83,677.36,631.8366666666667
Charlotte,10,632.13,633.62,632.5675
Detroit,2,631.37,636.38,634.2492857142857
Longyearbyen,5,638.55,640.05,639.05
Cidade do México,2,639.47,639.73,639.6
Cidade do México,11,639.73,639.73,639.73
Carachi,1,638.81,641.04,639.9172727272727
São Pedro,3,640.12,640.17,640.1366666666667
Punta Cana,9,639.47,640.97,640.22
Lima,6,641.3,645.57,642.3118181818182
Banjul,4,642.4,643.8,642.8385714285714
Luxor,2,646.81,647.08,646.9449999999999
Singapura,5,647.0,647.27,647.0675
Zaquinto,5,525.03,669.34,647.8228571428572
Cidade do México,5,626.31,672.36,648.9675
São Paulo,4,650.48,650.48,650.48
Abidjã,2,650.48,652.01,650.9300000000001
São Paulo,11,652.01,652.01,652.01
Nashville,2,653.23,654.77,653.7209090909091
São Tomé,5,657.1,657.38,657.1700000000001
Port Louis,6,658.94,660.38,659.4200000000001
Cancún,8,660.57,660.57,660.57
Guadalajara,2,660.57,662.12,661.0250000000001
Roterdão,2,204.16,2940.28,662.2531578947369
São Pedro,4,608.27,839.61,662.4533333333333
Austin,2,662.68,663.82,663.3314285714285
Reus,7,664.88,664.88,664.88
São Paulo,9,664.99,664.99,664.99
Austin,9,665.16,666.72,665.8833333333333
Louisville,2,669.1,670.25,669.9977777777779
Orlando,6,669.64,670.73,670.1071428571429
Cidade do México,10,670.89,670.89,670.89
Filadélfia,1,673.28,673.33,673.3050000000001
Caen,1,673.41,674.85,673.7900000000001
El Paso,8,672.73,674.25,673.9633333333334
Raleigh,2,673.65,675.17,674.8833333333333
San José,2,657.17,776.49,675.2678571428571
Cidade da Guatemala,5,640.39,821.63,677.231
Espargos,7,677.32,677.32,677.32
Vancouver,10,677.32,678.86,678.095
Richmond,1,678.8,678.86,678.8299999999999
Cidade do México,6,677.93,680.68,678.92
Nicósia,8,680.52,680.52,680.52
San Antonio,9,679.84,681.44,680.5822222222223
Baku,4,680.75,682.36,681.5550000000001
Fortaleza,3,683.79,684.97,684.085
St Louis,4,682.84,684.38,684.09
Nicósia,4,684.19,684.19,684.19
Dubai,4,684.33,684.33,684.33
Dortmund,8,684.67,684.67,684.67
Salvador,6,625.43,892.75,684.9714285714286
San Jose,3,684.71,685.88,685.5875
Los Angeles,5,685.59,685.59,685.59
Kingston,5,685.34,686.95,686.145
Aqaba,6,688.94,688.94,688.94
Erevã,6,623.1,794.55,689.9126666666666
Toronto,8,690.21,690.21,690.21
Melbourne,3,675.48,872.29,690.334761904762
Indianápolis,2,690.84,692.95,692.0341666666667
Duala,4,691.76,693.39,692.187
Santo Domingo,9,691.76,693.39,692.575
Nicósia,9,691.76,693.39,692.575
San Sebastián de la Gomera,2,693.54,693.59,693.565
Dallas,3,694.78,696.36,695.576
Cartagena,4,696.15,696.15,696.15
Baton Rouge,2,697.07,697.07,697.07
Melbourne,2,699.39,699.39,699.39
Atlanta,1,564.52,722.82,699.72
Las Vegas,5,700.94,701.23,701.085
Zanzibar,4,610.23,926.97,703.482
Bogotá,2,679.84,730.38,703.4894117647059
Southampton,4,704.89,706.49,706.19
Caiena,5,705.81,707.41,706.62
Luxor,5,705.52,707.19,706.6333333333333
Buffalo,4,706.73,708.28,707.34875
Greenville,2,707.36,709.02,707.8475
Detroit,1,704.61,712.86,707.9133333333333
Houmt Souk,8,686.8,715.91,708.6324999999999
Orlando,3,687.18,716.23,709.0211111111112
Singapura,10,709.2,709.25,709.225
Monterrei,2,677.08,719.14,709.2611111111112
Cidade da Guatemala,2,709.49,710.71,710.0128571428571
Houston,4,710.11,711.78,710.8855555555556
Lafayette,2,711.78,711.78,711.78
São Tomé,4,711.78,711.78,711.7800000000001
Cleveland,1,711.03,712.7,711.865
Jidá,8,711.32,714.72,712.9333333333334
São Tomé,9,711.96,716.62,715.0500000000001
Lima,4,715.0,716.62,716.3166666666667
Denver,2,717.45,719.14,718.186
Dakar,2,668.13,858.0,718.6336363636364
Aqaba,5,719.33,719.38,719.3425
Nairobi,4,720.25,720.31,720.28
Ontário,11,720.52,720.82,720.6700000000001
Nassau,2,722.96,724.66,723.635
Rio de Janeiro,3,629.53,914.1,725.8581818181818
Catumbela,1,727.54,730.38,728.728
Jackson,3,728.46,730.18,728.965
Vancouver,4,724.66,731.09,729.4825000000001
Entebbe,5,730.18,730.18,730.18
São Francisco,6,730.6,730.6,730.6
Ontário,9,723.01,735.19,731.14
San Antonio,5,731.54,733.2,732.8833333333333
Raleigh,3,733.05,734.77,733.798
Doha,3,732.46,734.12,733.8100000000001
Doha,12,733.05,734.61,733.9536363636363
Tivat,6,734.39,736.17,735.5766666666667
Seul,12,737.63,737.63,737.63
Incheon,12,737.63,737.63,737.63
San Luis Potosí,2,739.47,741.21,740.2777777777778
Ivalo,2,740.51,740.57,740.54
Culiacán,9,740.74,742.41,742.0983333333334
Salvador,5,742.22,743.97,742.9200000000001
Freetown,5,737.94,745.81,743.2106666666666
Cidade do México,4,743.45,744.73,744.3033333333333
São Tomé,2,743.14,772.48,746.0858333333334
Nairobi,1,746.25,746.57,746.4633333333335
Salt Lake City,2,704.43,770.04,748.1533333333333
Malé,1,734.3,772.48,749.53
Recife,11,742.36,758.68,750.52
Nairobi,2,700.02,1100.78,753.5988235294118
Punta Cana,10,715.92,777.5,756.3984615384616
Wichita,3,748.64,785.35,758.7706666666667
São Pedro,1,759.12,759.12,759.12
Joanesburgo,2,751.76,789.95,761.72
Banguecoque,5,681.0,796.76,762.1977777777778
Saint-Denis,9,762.62,762.68,762.65
Guadalajara,5,762.79,764.46,763.4575
São Tomé,10,764.63,766.3,765.7433333333333
Seattle,6,765.55,767.22,766.385
Fort Lauderdale,6,766.36,767.6,766.8914285714285
Port Louis,5,766.99,768.63,767.93
Fortaleza,4,653.5,860.25,768.09375
Nova Deli,2,640.39,1405.2,769.05375
Tashkent,2,768.31,770.04,769.7183333333332
Guaiaquil,3,768.31,770.04,769.7183333333332
Cali,5,773.42,775.24,774.2644444444445
Fort Lauderdale,4,774.59,774.59,774.59
Abha,4,776.58,778.33,778.005
Salt Lake City,6,779.26,780.52,779.68
Puerto Vallarta,5,778.41,784.43,781.8231999999999
Saint-Denis,3,784.42,786.27,785.074
Punta Cana,6,630.04,853.62,785.3779999999999
Syracuse,4,784.85,786.56,785.5325
Portland,1,784.85,786.56,785.6466666666666
Incheon,11,785.77,785.77,785.77
Seul,11,785.77,785.77,785.77
Vasco da Gama,2,781.04,795.29,790.6125
Arusha,2,790.36,792.09,791.05125
Pula,2,791.79,791.79,791.79
Banguecoque,10,793.6,793.93,793.71
San Jose,1,793.12,794.91,794.5716666666667
Tóquio,9,796.8,797.13,796.8824999999999
Bozeman,9,798.19,800.07,799.008
Malé,6,748.86,985.75,800.5077777777777
Rabil,2,800.02,801.9,800.7199999999999
Uberlândia,5,800.02,801.73,800.9266666666667
Zanzibar,6,800.44,803.68,801.608
Cidade do Cabo,2,802.28,802.28,802.28
Cidade de Ho Chi Minh,4,803.14,803.2,803.1700000000001
Veracruz,3,802.77,804.66,803.3275
Zanzibar,3,805.58,805.58,805.58
Luxor,8,806.9,808.67,807.6075
Cidade do Cabo,7,808.28,810.01,809.28
Libreville,2,808.74,810.57,809.6659999999999
Maringá,4,810.18,810.18,810.18
Cartagena,9,808.74,810.57,810.225
Seattle,2,711.95,1103.48,810.4225
Singapura,8,810.58,810.58,810.58
Missoula,9,810.11,814.78,811.77
Cochin,6,811.95,813.86,812.6516666666666
Belo Horizonte,6,812.81,814.78,814.1233333333333
Parikia,5,816.09,817.88,816.9244444444444
Manama,2,606.44,877.12,818.6014285714285
Burgas,7,819.38,819.38,819.38
Oranjestad,5,818.85,820.64,819.4114285714286
Hong Kong,5,803.23,888.8,821.4
Ontário,2,793.46,829.49,822.5099999999999
Belém,2,810.58,854.32,823.2028571428572
Singapura,3,653.23,1049.98,823.5242857142857
Quebec,6,823.88,825.81,824.7755555555555
Manila,6,825.13,826.55,826.2366666666667
Phuket,10,826.63,828.57,827.9233333333333
Hurghada,7,828.57,828.57,828.57
Banguecoque,9,831.21,831.21,831.21
Dar Es Salaam,3,830.64,832.07,831.7555555555556
Manágua,2,833.56,835.44,834.5110000000001
Querétaro,1,833.56,835.44,835.0866666666667
Wausau,5,838.14,838.21,838.175
Natal,3,751.71,928.81,840.655
Joanesburgo,4,841.83,841.83,841.83
Ontário,3,842.22,842.22,842.22
Lampang,5,840.91,842.81,842.4533333333334
Ontário,5,844.58,844.58,844.58
Banguecoque,6,843.25,845.3,844.6166666666667
Jacarta,4,844.65,844.65,844.65
Porto Seguro,3,707.65,959.87,845.267619047619
Punta Cana,2,755.76,935.8,845.78
Katmandu,2,846.81,847.16,846.9266666666666
Rio de Janeiro,10,848.08,848.08,848.08
Recife,5,848.08,848.08,848.08
Reno,2,849.19,849.26,849.225
Lérida,4,849.18,851.04,849.7628571428571
Rio de Janeiro,4,813.2,862.15,849.8825
Bol,9,851.56,851.56,851.56
Abu Dhabi,4,838.55,931.17,852.1242857142857
Honolulu,10,851.94,853.86,852.912
Recife,12,862.41,862.41,862.41
Denpasar,11,862.05,863.93,863.3033333333333
Malé,3,800.02,876.2,863.4416666666667
Amritsar,4,867.62,867.68,867.65
Porto Seguro,9,870.38,870.44,870.4100000000001
Daytona Beach,3,869.4,871.37,870.9949999999999
Banguecoque,3,799.15,955.48,871.75
Montego Bay,2,871.24,873.14,871.99875
Porto Alegre,3,871.94,873.44,872.69
Macapá,4,873.42,875.47,874.5914285714287
Hyderabad,4,875.25,877.31,875.855
Pequim,3,876.83,876.83,876.83
Quito,2,877.75,877.81,877.762
Mazatlán,9,877.67,879.59,878.43625
Phuket,1,878.59,878.96,878.7750000000001
Taipé,2,801.3,923.09,879.3735714285714
Nova Deli,8,880.43,882.35,880.8077777777777
Cidade do Cabo,4,880.43,882.35,881.71
Cali,2,882.04,885.11,883.4109999999998
São Paulo,2,884.79,884.79,884.79
Curitiba,4,884.1,886.04,884.876
Nassau,9,885.71,885.71,885.71
Santo Domingo,2,853.22,902.23,885.8933333333334
Buenos Aires,3,823.06,918.27,886.5333333333333
Victoria,9,886.96,887.02,886.975
Addis Abeba,2,631.21,1235.69,886.9921739130434
Maputo,6,886.04,889.69,887.1733333333333
Palmas,2,888.35,888.35,888.35
Malé,9,890.19,890.19,890.19
Xangai,3,890.85,892.95,891.4675
Rio de Janeiro,6,808.73,981.25,894.9655555555556
Recife,3,863.33,909.98,895.4857142857143
Fort-de-France,4,895.44,897.54,896.2158333333333
Buenos Aires,10,897.64,897.64,897.64
Santa Barbara,2,896.97,899.0,898.6149999999999
Manila,5,898.19,900.3,899.3957142857143
Brasília,3,845.5,990.42,901.9371428571429
David,2,901.86,903.79,903.0116666666667
São Salvador,5,640.65,929.53,904.7916666666666
Goiânia,2,906.45,908.58,907.3254545454546
Denpasar,10,870.88,928.85,909.2885714285713
Seul,3,797.31,1047.44,909.4971428571429
Incheon,3,797.31,1047.44,909.4971428571429
Rimini,2,908.92,910.9,909.8422222222222
Buenos Aires,11,900.11,953.03,910.6940000000001
Boston,2,404.34,2372.6,914.6346153846154
Belo Horizonte,3,899.38,938.03,914.8399999999999
Hanói,9,916.27,918.34,917.316
San Luis Potosí,8,919.94,922.03,921.6350000000001
Belo Horizonte,4,898.01,945.9,921.9725
Xangai,4,924.21,924.21,924.21
Maputo,2,813.34,1000.54,924.5445
Chiang Mai,5,925.71,925.71,925.71
Santiago,8,926.1,926.1,926.1
Bissau,3,926.63,928.81,927.041111111111
Rabil,8,927.48,927.55,927.5033333333334
Recife,7,927.89,927.89,927.89
Malé,2,929.32,929.39,929.355
Kinshasa,2,930.65,930.65,930.65
Denpasar,5,930.97,930.97,930.97
Simpson Bay,11,933.44,935.04,934.688888888889
Maceió,3,836.67,1083.96,935.586
Pafos,4,836.15,1136.64,936.3133333333334
Brasília,5,878.59,979.98,937.2057142857144
Poitiers,2,937.64,939.85,938.3766666666667
Phuket,9,944.98,945.05,945.015
Islamabad,2,944.76,946.9,946.4900000000001
Phuket,5,946.6,948.67,947.4280000000001
Denpasar,9,874.98,1050.06,948.0799999999999
Punta Cana,1,948.67,948.74,948.7049999999999
Singapura,2,948.65,950.67,949.5537499999999
Windsor,1,950.48,952.72,951.6
Goiânia,6,914.16,1146.69,951.6966666666667
Campo Grande,3,951.19,953.34,952.935
Phuket,6,954.19,954.19,954.19
Manila,2,898.93,983.67,955.4233333333333
Florianópolis,4,953.95,956.03,955.51
Zanzibar,7,959.14,959.14,959.14
Letícia,2,958.22,961.56,959.8781818181818
Banguecoque,1,711.63,1084.88,960.4633333333335
Fortaleza,2,837.77,1098.94,960.8166666666666
Vail,7,953.24,968.14,964.6473333333334
Incheon,2,854.5,1045.45,965.3092307692308
Seul,2,854.5,1045.45,965.3092307692308
Lima,2,965.9,966.3,966.1285714285714
Katmandu,3,966.52,966.52,966.52
Houston,8,965.9,968.08,967.6700000000001
Rabil,1,969.98,969.98,969.98
Kralendijk,9,968.83,970.9,969.984
Kuala Lumpur,8,970.49,970.49,970.49
Santiago,3,877.31,1070.43,973.87
Manila,1,977.09,977.49,977.3566666666667
Victoria,6,958.22,1145.77,978.131
Recife,4,893.67,1038.94,978.6980000000001
Las Vegas,6,978.01,980.31,978.7766666666666
Montevidéu,4,977.49,979.18,978.8283333333333
Pequim,4,979.84,982.15,980.8459999999999
Santo Domingo,8,981.52,981.93,981.6566666666666
Cidade de Ho Chi Minh,3,980.25,983.67,981.7719999999999
Multan,2,981.82,981.9,981.86
Manzanillo,8,982.15,982.15,982.15
Chennai,2,922.04,1616.3,986.2618181818181
João Pessoa,3,986.26,988.37,986.8166666666666
Vitória,2,107.77,1349.99,987.3725
Krabi,5,915.94,1044.45,993.046
Pernem,2,989.02,996.86,994.2466666666666
Belém,6,993.6,995.73,994.3842857142857
Ítaca,10,993.1,996.56,994.642
West Palm Beach,3,997.27,999.4,998.5466666666666
Tóquio,6,935.51,1031.46,1000.289
Tóquio,11,836.15,1091.43,1005.54
Port Louis,3,1006.69,1006.77,1006.7166666666667
Cuzco,3,1006.33,1008.53,1007.0200000000001
Maputo,9,975.5,1074.8,1008.6
Alexandria,8,1009.45,1009.45,1009.45
Montego Bay,3,1009.2,1011.58,1009.9000000000001
Buenos Aires,8,1010.12,1012.5,1011.31
Xangai,2,891.56,1085.83,1011.5788235294118
La Paz,5,1010.01,1012.22,1011.6675
Santo Domingo,3,1014.06,1014.14,1014.076
Port Louis,2,1013.79,1016.17,1014.49
Porto Alegre,2,932.09,1131.13,1016.2650000000001
Providenciales,3,993.47,1049.05,1018.0522222222221
Malé,8,1004.61,1094.19,1019.75
Reno,3,1020.21,1022.61,1021.4100000000001
Maceió,4,1023.27,1023.27,1023.27
Cuiabá,2,994.93,1140.33,1025.076
Osaka,8,1023.88,1026.29,1025.257142857143
Malé,7,1026.95,1026.95,1026.95
Salvador,8,1027.21,1027.21,1027.21
Krabi,9,1025.63,1027.95,1027.51
Cuzco,2,1027.55,1029.74,1028.58125
Chiang Rai,6,1027.03,1031.19,1029.1671428571428
Curitiba,2,999.11,1129.29,1029.9266666666667
Nassau,4,1029.97,1029.97,1029.97
Oakland,2,1030.3,1032.73,1031.5149999999999
Recife,2,962.55,1073.87,1036.7633333333333
Chiang Mai,10,1038.07,1038.07,1038.07
Tóquio,2,986.26,1105.33,1041.2116666666668
Colombo,2,1041.25,1043.61,1043.1633333333332
Belo Horizonte,2,953.03,1272.12,1047.3835714285713
Aracaju,2,1049.57,1052.04,1050.5854545454545
Daca,8,1050.49,1052.96,1051.5054545454548
White Plains,4,1051.36,1053.66,1052.0814285714284
Colombo,4,1052.96,1052.96,1052.96
Natal,10,1052.28,1054.58,1053.43
Denpasar,6,990.87,1105.27,1057.2246153846154
Georgetown,2,1056.88,1059.27,1058.0880000000002
Kuala Lumpur,3,992.69,1220.06,1064.15875
Windhoek,6,1064.23,1066.56,1065.16
Tóquio,4,1067.0,1069.51,1067.8366666666668
Buenos Aires,4,1067.91,1074.78,1070.5700000000002
Montevidéu,6,1073.42,1075.95,1074.1322222222223
Salvador,2,949.35,1219.14,1074.9608333333333
Manaus,2,1032.06,1190.9,1077.5021739130434
Hangzhou,3,1079.45,1079.53,1079.49
Quito,10,928.46,2453.91,1081.3799999999999
Hong Kong,3,790.31,1155.7,1082.328
Chapecó,2,1068.83,1120.09,1083.141818181818
Fukuoka,2,1082.6,1085.14,1083.87
Banguecoque,2,1087.67,1087.67,1087.67
Seul,6,1089.47,1089.47,1089.47
Incheon,6,1089.47,1089.47,1089.47
Ontário,6,1089.74,1089.74,1089.74
Antananarivo,10,1068.83,1190.99,1093.9969999999998
Hanói,2,1059.4,1138.48,1098.94
Campo Grande,2,1099.11,1101.7,1099.8725
Praya,5,1099.15,1101.56,1100.1125
Cidade de Belize,6,1100.07,1104.35,1102.6241666666667
Tóquio,5,1106.16,1112.73,1108.3500000000001
Brasília,6,1110.8,1113.5,1112.6000000000001
Rabil,4,726.03,1561.16,1112.6809090909092
Natal,4,1117.46,1120.09,1118.3366666666668
Fort Lauderdale,11,1123.66,1123.75,1123.705
Incheon,1,1128.94,1128.94,1128.94
Seul,1,1128.94,1128.94,1128.94
Pequim,2,1135.63,1135.72,1135.6750000000002
Rio de Janeiro,1,1137.48,1137.48,1137.48
Maceió,2,1063.07,1159.22,1139.36
Ilhéus,2,1150.62,1153.22,1151.933
Victoria,10,1153.2,1153.2,1153.2
Auckland,9,1152.8,1154.78,1153.79
Cidade de Ho Chi Minh,2,1154.16,1156.87,1154.9575
Brasília,2,1076.62,1234.12,1162.120909090909
São Luís,2,1164.23,1164.23,1164.23
Burbank,3,1166.08,1168.83,1166.9966666666667
Chiang Rai,5,1165.32,1167.96,1167.4599999999998
Chiang Mai,6,1171.76,1174.32,1172.9522222222222
Singapura,4,1098.02,1247.92,1172.97
Cantão,4,1174.34,1176.85,1175.6733333333332
Santa Cruz da Serra,2,1176.16,1176.25,1176.205
Zanzibar,2,965.16,1376.36,1178.1977777777777
Florianópolis,2,1074.34,1268.15,1178.6133333333335
Krabi,1,1182.78,1183.29,1182.9075
Siem Reap,3,1183.09,1187.21,1184.926
Bogotá,3,1185.12,1185.12,1185.12
Buenos Aires,1,1188.13,1188.13,1188.13
Banguecoque,7,1188.14,1188.14,1188.14
Berna,7,1198.19,1201.02,1199.1333333333334
João Pessoa,4,1200.11,1200.11,1200.11
San José,6,1202.96,1207.83,1204.714
Padang,7,1211.04,1213.63,1212.5874999999999
Denpasar,1,1219.14,1219.14,1219.14
Fortaleza,1,1227.83,1227.83,1227.83
Maceió,6,1185.53,1344.47,1228.506818181818
Pekanbaru,6,1233.98,1237.8,1235.607
Cozumel,4,1140.4,1465.17,1249.55
Bydgoszcz,2,96.56,1380.63,1250.776
Providenciales,8,1255.08,1258.03,1256.85
João Pessoa,2,1214.03,1410.21,1257.7866666666666
Chetumal,4,1256.91,1259.87,1257.8966666666668
Pointe-à-Pitre,2,1266.41,1269.28,1268.735
Buenos Aires,2,1275.63,1275.73,1275.68
Santa Marta,6,1278.93,1281.94,1279.815
Burbank,4,1279.82,1279.82,1279.82
Denpasar,7,1278.93,1281.68,1279.8825000000002
Florianópolis,10,1282.04,1282.58,1282.3485714285712
Santiago,2,1250.49,1391.78,1282.53
Pequim,9,1287.72,1292.21,1289.725
Belo Horizonte,1,1293.23,1293.23,1293.23
Porto Alegre,1,1260.9,1333.44,1293.825
San Juan,7,1306.45,1309.53,1307.355
Saint-Denis,8,1308.61,1308.61,1308.61
Praya,7,1311.55,1311.65,1311.6
Acapulco,4,1311.96,1315.05,1313.505
Lusaka,1,1314.2,1314.76,1314.3866666666665
Tindouf,2,1313.79,1316.89,1314.7024999999999
Hamilton,3,1315.63,1318.44,1317.3091666666667
Assunção,2,1327.0,1327.0,1327.0
Fort Lauderdale,7,1330.68,1330.68,1330.68
Aqaba,12,653.43,1448.08,1332.99625
Kobe,8,1331.22,1334.36,1333.0142857142857
Xian,6,1346.37,1349.42,1348.0454545454545
Nampula,6,1347.29,1352.52,1350.2209090909091
Natal,6,1109.85,1436.48,1353.6725000000001
Cebu,8,1368.38,1368.38,1368.38
Quito,7,1400.59,1401.19,1400.847142857143
Oakland,10,1400.59,1401.19,1400.8899999999999
Curitiba,1,1394.53,1410.38,1403.4622222222222
Cozumel,7,1404.28,1404.28,1404.28
Windhoek,4,952.35,1500.81,1407.7441666666666
Foz do Iguaçu,2,1248.84,1428.77,1408.301111111111
Kralendijk,4,1200.03,1732.36,1413.5259999999998
Everett,6,1417.13,1420.23,1418.68
Adelaide,8,1385.89,1455.75,1422.3565217391304
Perth,11,1422.05,1425.4,1423.035
Burbank,5,1427.24,1427.24,1427.24
Phuket,2,1428.47,1431.53,1429.7566666666667
Sydney,4,1431.84,1434.97,1432.4633333333331
Phnom Penh,2,1437.33,1442.34,1439.5629999999999
Da Nang,3,1300.95,3086.67,1451.3791666666666
Tepic,3,1451.55,1451.66,1451.605
Beira,3,1451.14,1454.31,1452.6166666666666
Batam,6,1418.95,1491.61,1457.5925806451614
Chiang Mai,2,1472.51,1475.98,1474.8233333333335
Sydney,7,1472.73,1484.26,1479.73
Surakarta,2,1480.77,1483.93,1482.26
La Paz,2,1489.64,1492.21,1491.64875
Fort-de-France,2,1496.68,1496.79,1496.7350000000001
Sétif,2,1504.62,1507.84,1505.81
Oakland,4,1514.42,1514.42,1514.42
Busan,9,1529.39,1532.99,1530.5445454545456
Parikia,9,311.34,1650.7,1536.9991666666665
Burbank,9,1368.66,1626.4,1540.5033333333333
Burbank,6,1545.87,1545.87,1545.87
Bogotá,7,1549.55,1549.55,1549.55
Gustávia,2,1546.72,1550.22,1549.5566666666666
Satu Mare,5,1596.34,1599.83,1597.4342857142856
Gustávia,3,1620.22,1624.04,1621.882
Everett,7,1625.62,1625.75,1625.6633333333332
Montevidéu,8,1602.89,1704.96,1653.9250000000002
Krabi,2,1656.92,1660.82,1657.66
Las Vegas,2,676.96,6177.94,1667.73
Chiang Rai,7,1718.39,1722.43,1720.41
Auckland,7,1674.35,1802.6,1742.01
Tamuning,4,1768.38,1768.52,1768.45
George Town,7,1787.73,1787.73,1787.73
Papete,6,1741.13,1930.63,1795.8233333333333
Mombaça,2,1342.87,1964.29,1858.5583333333334
Nadi,9,1626.67,2194.19,1950.7757142857142
Ontário,4,1992.19,1992.19,1992.19
Brisbane,2,2087.98,2088.14,2088.06
Ushuaia,2,2105.48,2110.25,2109.3416666666667
Jacarta,7,2164.3,2169.03,2166.5044444444447
Jeju,7,2200.97,2206.15,2202.4925
Kingston,6,2219.32,2227.06,2222.774
Auckland,3,2233.74,2233.74,2233.74
Brive-la-Gaillarde,7,2285.37,2290.75,2287.374444444444
Vaitape,9,2394.97,2400.21,2397.0625
Camberra,2,2515.78,2524.55,2520.5025
Orlando,5,2714.79,2714.79,2714.79
Seattle,5,2823.23,2823.23,2823.23
Bridgetown,2,2828.73,2828.73,2828.73
Akureyri,9,2847.77,2854.47,2849.038888888889
Poznań,8,2958.78,2965.75,2962.2650000000003
La Rochelle,2,2965.2,2972.18,2967.7999999999997
Hobart,2,3204.63,3211.88,3210.5116666666668
Vaitape,2,3434.02,3442.11,3438.065
Everett,5,3582.65,3590.3,3587.0845454545456
Hong Kong,4,3014.49,3786.14,3673.1142857142854
Providenciales,2,3893.63,3893.63,3893.63
Vaitape,3,4059.57,4059.57,4059.57
Hong Kong,2,905.53,5125.91,4065.32625
Münster,7,10682.69,10682.69,10682.69
Paderborn,8,10713.07,10735.96,10726.34090909091
Münster,8,10743.35,10747.91,10744.87
Paderborn,7,13614.37,13644.14,13629.255000000001
Paderborn,4,13694.8,13694.8,13694.8
Münster,4,13708.62,13708.62,13708.62
